Tratamiento,Fuente,Alcohol.isopropilico,Etanol,X2.5.Dimetilfurano,Acetic.acid..2.methylpropyl.ester,X1.Propanol,Dimetil.disulfuro,X2.Metil.propanol,X3.Metil.butanol,X1.4.Cyclohexadiene..1.methyl.4..1.methylethyl...gamma.terpineno,X1.3.Cyclohexadiene..1.methyl.4..1.methylethyl..alpha.terpineno,.beta..Phellandrene,Bicyclo.3.1.0.hex.2.ene..4.methyl.1..1.methylethyl....beta..Phellandrene,X1.Butanol..3.methyl...formate,X3.Octanona,Acetoina,X4.Pentenol,X3.Ethylcyclopentanone,X1.Hexanol,Methoxyacetic.acid..tetradecyl.ester,X2.Nonanona,X3.Octanol,n.Decilsulfona,X2.4.Hexadiene,Sulfide.1..propenyl.1.propynyl,Butanoic.acid..3.hydroxy...ethyl.ester,Phenol..2.methoxy.4.methyl.,X3.3.Iminobispropylamine,Terpeno.desconocido,Elemeno.C15H24,X2.Metil.isoborneol,X2.Undecanona,Cyclopentane..1.2.dimethyl...trans.,X2.Cyclohexen.1.ol..1.methyl.4..1.methylethyl....cis..2.p.Menthen.1.ol,X1.2.Dihexylcyclopropene,X1H.Benzocycloheptene..2.4a.5.6.7.8.hexahydro.3.5.5.9.tetramethyl....R...beta.Himachalene,X1H.3a.7.Methanoazulene..2.3.4.7.8.8a.hexahydro.3.6.8.8.tetramethyl....3R..3.alpha..3a.beta..7.beta..8a.alpha....alpha.Cedrene,Cyclohexane..1.2.3.trimethyl.,Epizonarene,X3.Furanmethanol,X1H.3a.7.Methanoazulene..2.3.4.7.8.8a.hexahydro.3.6.8.8.tetramethyl....3R..3.alpha..3a.beta..7.beta..8a.alpha....alpha.Cedrene.1,Thujopsene.I3,X1.3.Cyclohexadiene..5..1.5.dimethyl.4.hexenyl..2.methyl....S..R.S.......Zingiberene,gamma.Selineno,X1.Etenil.4.metoxibenceno,Valenceno,Alloaromadendreno,beta.Selineno,X2.Isopropenil.4a.8.dimetil.1.2.3.4.4a.5.6.8a.octahidronaftaleno,X2.Isopropenil.4a.8.dimetil.1.2.3.4.4a.5.6.7.octahidronaftaleno,X1.3.Cyclohexadiene..5..1.5.dimethyl.4.hexenyl..2.methyl....S..R.S.......Zingiberene.1,X2.Undecanol,X5.Metilfurfuril.alcohol,C4,Ethanone..2..2.benzothiazolylthio..1..3.5.dimethylpyrazolyl..,Cyclohexene..3..1.5.dimethyl.4.hexenyl..6.methylene....S..R.S...beta.Sesquiphellandrene,X2.Cyclohexen.1.ol..3.methyl.6..1.methylethyl....trans.p.Menth.1.en.3.ol..trans,Guaia.9.11.dieno,gamma.Gurjeneno,X6.10.Dimetil.5.9.undecadien.2.ona,Cyclohexene..3..1.5.dimethyl.4.hexenyl..6.methylene....S..R.S...beta.Sesquiphellandrene.1,Camphene,X2.Metoxi.fenol,p.Menth.2.en.7.ol..trans.,X2.Metoxi.6.metil.fenol,Bencenil.alcohol,Feniletil.alcohol,X2.Metoxi.5.fenil.alcohol,X2.Iodoanisol,X2.4.Dibromo.1.metoxi.benceno,Phenol,Bicyclo.2.2.1.heptan.2.ol..1.5.5.trimethyl.,X1.6.10.Dodecatrien.3.ol..3.7.11.trimethyl....E..,Naphthalene..1.2.3.5.6.7.8.8a.octahydro.1.8a.dimethyl.7..1.methylethenyl.....1R..1.alpha..7.beta..8a.alpha.........Valencene,X1H.Benzocycloheptene..2.4a.5.6.7.8.9.9a.octahydro.3.5.5.trimethyl.9.methylene.alpha.Himachalene,Acido.tetradecanoico,Epizonarene.1,X2.Cyclohexen.1.one..3.methyl.6..1.methylethenyl.....S..p.Mentha.1.8.dien.3.one,X2H.Pyran.2.one..6.pentyl.,Acido.hexadecanoico,X5..Acetyliminomethyl..6..2..N.acetyl.N.methylamino.ethyl..1.3.benzodioxole,Bicyclo.9.3.1.pentadeca.3.7.dien.12.ol..4.8.12.15.15.pentamethyl....1R..1.R.3E.7E.11R.12R....Verticiol,C8
Tricho,Suelo,0.003613629298613,0.052225343340985,0.003613629298613,0.000612730892193,0.017157635847584,0.003613629298613,0.003613629298613,0.000944604212081,0.000399099235233,0.000158070891621,0.02587467531653,0.027577890063758,0.165257146167213,0,0.017744872710686,0.003128000678375,0.001733495087443,0.002691279455448,0.000993879482893,0.003613629298613,0.001102505011653,0.003613629298613,0.000671970392528,0.001087497355118,0.004247083731288,0.002535732255148,0.000851057541179,0,0.009110276461959,0.003613629298613,0.003613629298613,0.015980242867157,0.002422055388118,0.002745218412885,0,0.003859558666593,0.00076641499122,0.004075278895679,0.001634050573659,0.002558200228032,0,0.035196162590483,0.001863342565943,0.003613629298613,0.003613629298613,0.003613629298613,0.003613629298613,0.003613629298613,0.003613629298613,0.013840939797648,0.003613629298613,0,0.003613629298613,0.000806101817266,0,0.001613279565628,0.003613629298613,0.003613629298613,0.003613629298613,0.04408825446647,0.001607638838633,0.003613629298613,0.002559873459111,0.003613629298613,0.003613629298613,0.024432365948786,0.003613629298613,0,0.003613629298613,0.003367699930634,0.002108393784278,0.009317005546263,0.014214889143516,0.004984088620679,0.003613629298613,0.09510972189068,0.029801847550113,0.084601399549809,0.003613629298613,0.00420353225568,0.077999225274232,0
Tricho,Suelo,0.004901986956209,0.081019561042765,0.004901986956209,0.001205897266104,0.025005921119923,0.004901986956209,0.004901986956209,0.000860424523633,0.001089174862374,0.006379458048921,0.05902293438707,0.040554698952241,0.239392680835063,0.010617770764189,0.019682816279256,0.005065107195684,0.002383374107625,0.002048209647058,0.000863586751577,0.004901986956209,0.001109598575187,0,0.001317317588393,0.001700317020881,0.00491499515203,0.001887942545578,0.00192098611043,0.004901986956209,0.005726337776767,0.004901986956209,0.004901986956209,0.003569095989593,0.005565537032811,0.001127412195094,0.005716494450685,0.009211921360532,0.003316212858645,0.004335348466833,0.004888978760387,0.003417023734465,0.001437469041306,0,0.001663268495658,0,0.004901986956209,0.004901986956209,0,0.004901986956209,0,0.021666576709163,0.004901986956209,0.004901986956209,0.004901986956209,0.001947372353294,0.033726912536133,0,0.004901986956209,0,0.004901986956209,0.037778310369408,0.000588935234446,0.004901986956209,0.000881720028612,0.004901986956209,0.004901986956209,0.051011307046635,0.004901986956209,0.004901986956209,0.004901986956209,0.003983582970007,0.001109669903637,0.004259613503836,0.021902552355697,0.005575850598303,0.004901986956209,0.03641492252778,0.012845984358987,0.01480349591934,0.004901986956209,0.006174227606077,0.023165430486071,0.004901986956209
Tricho,Suelo,0.002937414887585,0.076139009895291,0.002937414887585,0,0.025648447325955,0,0.002937414887585,0.000409691152102,0.002476718019187,0.002648138903674,0.04198654688578,0,0.201651840760752,0.002692838741563,0.019830349240409,0,0.002187350099104,0.00157871378727,0.000977597382771,0.002937414887585,0.000666178925634,0.002937414887585,0.001550034416541,0.001738291407041,0.007477239521224,0.002052849838023,0.00128056714151,0.002937414887585,0.000862516869845,0.002937414887585,0.002937414887585,0.011570435877992,0.004176811125776,0.00141706642498,0.002951075659685,0.007595129980714,0.002891232284268,0.002389180640208,0.002923754115484,0.003049093762177,0.000898461555434,0.017654573669521,0.000747450500947,0.002937414887585,0.002937414887585,0.002937414887585,0.002937414887585,0.002937414887585,0.002937414887585,0.042335013262559,0.002937414887585,0.002937414887585,0.002937414887585,0.00134923638936,0.012108097465684,0.003123104737305,0.002937414887585,0.002937414887585,0.002937414887585,0.089207797917601,0.001015234636844,0.002937414887585,0.002328446191132,0.002937414887585,0.002937414887585,0.056886250828914,0.002937414887585,0.002937414887585,0.002937414887585,0.001166490854455,0,0.004827469339847,0.007659664458199,0.010675651769404,0.002937414887585,0.012130298872352,0.01863088866057,0.050158446686998,0.002937414887585,0,0,0.002937414887585
Beauv1,Insecto,0.002873545447104,0.065390352616593,0.017849994279278,0.005056149649848,0.005056149649848,0.005056149649848,0.015166944790496,0.418224330870653,0.005056149649848,0.005056149649848,0.005056149649848,0.005056149649848,0.005056149649848,0.001728683713135,0.005056149649848,0.003955920943043,0.005056149649848,0.005056149649848,0.005056149649848,0.005784041139768,0.005056149649848,0.002129304905368,0.005056149649848,0.005056149649848,0,0.005056149649848,0.005056149649848,0.017996927477452,0,0.01410725317006,0.024559567622771,0.005056149649848,0.005056149649848,0.005056149649848,0.005056149649848,0.005056149649848,0.005056149649848,0.005056149649848,0.005056149649848,0.005056149649848,0.005056149649848,0.005056149649848,0.001728510156322,0.004320280331742,0.005056149649848,0,0.003565308193714,0.00664396886805,0.005267246801913,0.005056149649848,0.005056149649848,0,0.002047293525837,0.005056149649848,0,0.005056149649848,0.017013085969673,0.003018581090785,0,0.005056149649848,0,0,0.005056149649848,0.002863537004201,0.001997575284043,0.067841501276617,0.003346360488459,0,0.007062194506382,0.005056149649848,0,0.005056149649848,0.005056149649848,0.005056149649848,0.013652129353212,0.005056149649848,0.005056149649848,0.005056149649848,0.002905242706447,0.005056149649848,0.005056149649848,0
Beauv1,Insecto,0.002305544381182,0.054052123000252,0.010708436539139,0.004337165716464,0.004337165716464,0.004337165716464,0.012862913545831,0.440515729802453,0.004337165716464,0.004337165716464,0.004337165716464,0,0.004337165716464,0.002380854283126,0.010969984995614,0.005052240908054,0,0.004337165716464,0.004337165716464,0,0.004337165716464,0.002477116391331,0,0.004337165716464,0.004337165716464,0,0.004337165716464,0,0.021760641730076,0.008454072594191,0.039513234606177,0.004337165716464,0.004337165716464,0.004337165716464,0,0,0.004337165716464,0.004337165716464,0,0.004337165716464,0.004337165716464,0.004337165716464,0.001390257579194,0.005542079882332,0.004337165716464,0.004389044559573,0.003803873046805,0.003803873046805,0.001607127669077,0.004337165716464,0.004337165716464,0.003302731685206,0.002209690496714,0.004337165716464,0.004337165716464,0.004337165716464,0.007780350958997,0.002115164568981,0.001653537297782,0.004337165716464,0.004337165716464,0.008249783664782,0.004337165716464,0.0041097900133,0.002856459528549,0.082865036358447,0.006690442764728,0.001414972329538,0.003965455871292,0,0.004337165716464,0,0,0.004337165716464,0.002253754068521,0.004337165716464,0,0.004337165716464,0.004337165716464,0.004337165716464,0.004337165716464,0.003680545213
Beauv1,Insecto,0.002778449435307,0.069643687092315,0.010149932696183,0,0,0.003377982742675,0.013159831200571,0.499688908547135,0,0.003377982742675,0.003377982742675,0.003377982742675,0.003377982742675,0.001952420144311,0.006341166113953,0.004064711889141,0,0.003377982742675,0.003377982742675,0.015124989388553,0.003377982742675,0.001721218729503,0.003377982742675,0.003377982742675,0.003377982742675,0.003377982742675,0.003377982742675,0.014086386591076,0.01776263121854,0.01776263121854,0.027837088583263,0.003377982742675,0,0.003377982742675,0.003377982742675,0.003377982742675,0.003377982742675,0.003377982742675,0.003377982742675,0.003377982742675,0.003377982742675,0.003377982742675,0.001493107609313,0.003834065004552,0.003377982742675,0.002957697290761,0.001334824226411,0.003316715229157,0.001833174612069,0.003377982742675,0.003377982742675,0.002063331571901,0.001406213262373,0,0.003377982742675,0.003377982742675,0.00801642344074,0.001290521030564,0,0.003377982742675,0.003377982742675,0,0.003377982742675,0.002768069491014,0.001542353123035,0.08199515321207,0.003377982742675,0.000927319888477,0.003382036735441,0,0,0.003377982742675,0.003377982742675,0.003377982742675,0.002390504401118,0.003377982742675,0.003377982742675,0.003377982742675,0.008163497775914,0,0.003377982742675,0.001119079668484
Beauv2,Suelo,0.002942673383384,0.070996451124859,0.016341567279794,0.004772846773385,0.002535900567384,0.003707382655097,0.010417805361019,0.359535473812784,0.004772846773385,0.004772846773385,0.004772846773385,0.004772846773385,0.004772846773385,0.000728476307756,0.004655183265752,0.003300969936136,0.004772846773385,0.004772846773385,0.004772846773385,0.004118984372376,0.004772846773385,0.001194060171992,0,0.004772846773385,0,0,0,0.038177595991671,0,0.006189639566739,0.025081914604118,0.004772846773385,0.004772846773385,0.004772846773385,0,0.004772846773385,0.004772846773385,0,0.004772846773385,0.004772846773385,0.004772846773385,0.004772846773385,0.003987930656387,0.007168768619695,0.002374335829371,0.017184525637852,0,0.018896923890139,0.009099140810988,0.004772846773385,0,0.002188666195638,0.002197495775008,0.004772846773385,0.004772846773385,0,0.047974954156316,0.005970804995812,0.005813190522305,0.004772846773385,0.004772846773385,0.002656950787659,0.004772846773385,0.002767896685049,0.001259226932948,0,0.00209880758079,0.002296763725458,0.004966447544378,0.004772846773385,0.004772846773385,0.004772846773385,0.004772846773385,0.004772846773385,0.004772846773385,0.004772846773385,0,0.004772846773385,0.000850765261841,0,0.004772846773385,0.001738764557404
Beauv2,Suelo,0.003122676925973,0.100505083883336,0.022070917636503,0,0.002281963388691,0.00260653751465,0.0154537341753,0.445788043702302,0.002773262727164,0.002773262727164,0,0.002773262727164,0.002773262727164,0.000689256915621,0.006245129189171,0.004115881381463,0.002773262727164,0,0.002773262727164,0.00530115131491,0.002773262727164,0.00086373087441,0.002773262727164,0.002773262727164,0.002773262727164,0.002773262727164,0.002773262727164,0.028004515857421,0.023079119391949,0.012696859113944,0.016136624232659,0.002773262727164,0.002773262727164,0.002773262727164,0.002773262727164,0.002773262727164,0.002773262727164,0.002773262727164,0.002773262727164,0.002773262727164,0.002773262727164,0.002773262727164,0.002377822331938,0.002781859257495,0.002386168765973,0.009962217189465,0.002773262727164,0.01176713248967,0.002212559546921,0,0.001950903714702,0,0.00135663252475,0.002773262727164,0.002773262727164,0.002773262727164,0.023542217193789,0.001279386680459,0.004473463979654,0.002773262727164,0.002773262727164,0.002764666196833,0.002773262727164,0.002726507436459,0,0.103281958170581,0.002500221155068,0.001405049472205,0.001027849150951,0.002773262727164,0,0.002773262727164,0,0.002773262727164,0.002773262727164,0.002773262727164,0.002773262727164,0.002773262727164,0,0,0.002773262727164,0.001856998913705
Beauv2,Suelo,0.001940394048585,0.098889298762104,0.018278162497575,0.002935814271795,0.002051139102113,0.002136846651547,0.015136185244147,0.441843411276474,0.002935814271795,0.002935814271795,0.002935814271795,0.002935814271795,0.002935814271795,0.001405234090231,0,0,0,0.002935814271795,0.002935814271795,0.006574790154419,0.002935814271795,0.001194910710001,0.002935814271795,0.002935814271795,0.002935814271795,0.002935814271795,0,0.03114916719002,0,0.004668046511337,0,0.002935814271795,0.002935814271795,0.002935814271795,0.002935814271795,0,0.002935814271795,0.002935814271795,0.002935814271795,0.002935814271795,0.002935814271795,0.002935814271795,0.002935814271795,0.004790095997964,0.001882949668357,0.014394378245747,0.002935814271795,0,0,0.002935814271795,0.001992960288432,0,0.001567827641822,0.002935814271795,0.002935814271795,0.002935814271795,0.039808125087371,0.00287294927193,0.003546153509111,0.002935814271795,0.002935814271795,0,0.002935814271795,0.002168268719186,0.001370206622003,0.090191924987638,0.001783529912515,0,0,0.002935814271795,0.002935814271795,0.002935814271795,0.002935814271795,0.002935814271795,0.002935814271795,0.002935814271795,0,0.002935814271795,0.000955193299964,0.002935814271795,0.002935814271795,0.00172999972876
Beauv3,Suelo,0.003118794266659,0.066476944188475,0.022733722769325,0.004604756320753,0.0019779903977,0.004604756320753,0.016043962164662,0.423496548471912,0.004604756320753,0.004604756320753,0.004604756320753,0.004604756320753,0.004604756320753,0.002112623083058,0.005432224554949,0.003243744499441,0.004604756320753,0.004604756320753,0,0.009968635356414,0.004604756320753,0.00109203830665,0.004604756320753,0,0.004604756320753,0.004604756320753,0.004604756320753,0,0.00924468385607,0.006522655093164,0.029249291392704,0.004604756320753,0.004604756320753,0.004604756320753,0.004604756320753,0.004604756320753,0.004604756320753,0.004604756320753,0.004604756320753,0.004604756320753,0.004604756320753,0.004604756320753,0.002577227198217,0.004946509518601,0.001601951794013,0.010615818474178,0.00683671780792,0,0.009343776666587,0,0,0,0.001642878205136,0.004604756320753,0.004604756320753,0.004604756320753,0.032528893224448,0.006484734287362,0.002297014665362,0.004604756320753,0.004604756320753,0.003987567812818,0.004604756320753,0.002880383713087,0.00174215022551,0.054102063198541,0.002596556261396,0.001516606939691,0.006917981797778,0.004604756320753,0.004604756320753,0.004604756320753,0.004604756320753,0.004604756320753,0.001194561705863,0.004604756320753,0.004604756320753,0.004604756320753,0.001489141748991,0.004604756320753,0.004604756320753,0.000704443227308
Beauv3,Suelo,0.004168631774401,0.064402526666031,0.026045327529381,0.003149694860318,0.002707511554714,0,0.006809335094485,0.515305426895845,0,0.003149694860318,0.003149694860318,0.003149694860318,0.003149694860318,0.001369386019495,0.006490734726136,0.002948608787476,0.003149694860318,0.003149694860318,0.003149694860318,0.006324056456155,0,0.002651969856518,0.003149694860318,0.003149694860318,0.003149694860318,0.003149694860318,0.003149694860318,0.026321959218648,0.002916736786177,0.007109450366773,0.011640924436663,0.003149694860318,0.003149694860318,0.003149694860318,0.003149694860318,0.003149694860318,0.003149694860318,0.003149694860318,0.003149694860318,0.003149694860318,0.003149694860318,0.003149694860318,0.002365946063428,0.006699747256027,0.00129034744443,0,0.003149694860318,0.015473693780698,0.003235476739933,0.003149694860318,0.001675835810498,0.001546553135784,0.001660840349616,0,0.003149694860318,0,0.033774404165399,0,0.00106370062477,0.003149694860318,0,0.004447250893988,0,0.003269017119193,0.001879331393344,0,0.002673366305356,0.001083987037275,0,0.003149694860318,0.003149694860318,0.003149694860318,0,0.003149694860318,0.000737290120545,0.003149694860318,0.003149694860318,0,0.001327450575034,0.003149694860318,0.003149694860318,0
Beauv3,Suelo,0.002891351120003,0.0718169595009,0.027795676896224,0.002740566099182,0.00237395088045,0.004229427171359,0.013713614283913,0.552131738675646,0.002740566099182,0.002740566099182,0.002740566099182,0.002740566099182,0.002740566099182,0,0.009271855266793,0.00258978107836,0,0.002740566099182,0.002740566099182,0.013180756833907,0.002740566099182,0.001349397014355,0.002740566099182,0,0.002740566099182,0.002740566099182,0.002740566099182,0,0.001765721064095,0.008721311330108,0.030696811315806,0.002740566099182,0.002740566099182,0.002740566099182,0.002740566099182,0.002740566099182,0.002740566099182,0.002740566099182,0.002740566099182,0.002740566099182,0.002740566099182,0.002740566099182,0.00074411494578,0,0.000632301970774,0.004562979269208,0.002740566099182,0.006463343245555,0.001917553576155,0.002740566099182,0.001541625085965,0,0.002740566099182,0.002740566099182,0.002740566099182,0.002740566099182,0.012440778135581,0.001817853897265,0,0.002740566099182,0.002740566099182,0.003611346908551,0,0.002331943795918,0.001815940211349,0.061698288144159,0.002346427376694,0.001007008387853,0.006660493183048,0.002740566099182,0.002740566099182,0.002740566099182,0.002740566099182,0.002740566099182,0.002740566099182,0.002740566099182,0,0,0.001400730799721,0.002740566099182,0,0.001121487093766
Beauv4,Suelo,0.002856717114966,0.087096963931356,0.027610565107605,0.003082816907392,0.001911770534711,0.003082816907392,0.012518191455093,0.444169655238084,0,0.003082816907392,0.003082816907392,0.003082816907392,0.003082816907392,0.001550314074178,0.008650847439566,0.006150232458822,0.003082816907392,0.003082816907392,0.003082816907392,0,0.003082816907392,0.001635028104386,0,0,0,0.003082816907392,0.003082816907392,0.020274143435076,0.002684112387958,0.005152128197049,0,0.003082816907392,0,0.003082816907392,0.003082816907392,0.003082816907392,0.003082816907392,0,0.003082816907392,0.003082816907392,0.003082816907392,0.003082816907392,0.002304152392224,0.008820406948254,0.001681043763082,0.008918489267805,0,0.011388389168806,0.002957581756291,0.003082816907392,0.00203721162144,0.002424861341132,0.001520501605908,0.003082816907392,0.003082816907392,0,0.024333748076003,0.002183509167452,0.005709709862202,0.003082816907392,0,0.002396757700409,0.003082816907392,0.001363902896918,0.001214888753267,0.116728432311356,0.003208052058494,0.002571110689445,0.004926790804604,0,0.003082816907392,0.003082816907392,0.003082816907392,0.003082816907392,0,0.003082816907392,0.003082816907392,0.003082816907392,0.000423679691266,0,0,0
Beauv4,Suelo,0.003391294047288,0.090838621693093,0.024511014083304,0,0.0018329212628,0.003844010450429,0.013126605299998,0.414130962374116,0.003844010450429,0.003844010450429,0.003844010450429,0,0.003844010450429,0.001262711956677,0.009889692810279,0.004281010504037,0.003844010450429,0.003844010450429,0.003844010450429,0.005405037267494,0.003844010450429,0.001332823982913,0.003844010450429,0.003844010450429,0.003844010450429,0.003844010450429,0.003844010450429,0.027880036640359,0.005892132185979,0,0.016300248690847,0.003844010450429,0.003844010450429,0,0.003844010450429,0.003844010450429,0,0.003844010450429,0.003844010450429,0.003844010450429,0.003844010450429,0.003844010450429,0.003331146634325,0,0.003155249026518,0,0.003844010450429,0,0.003920126026257,0.003844010450429,0,0.002026745581607,0.001787407002339,0.003844010450429,0.003844010450429,0.003844010450429,0.035212125392295,0.002781657968075,0.003844010450429,0.003844010450429,0.003844010450429,0.002967100500268,0.003844010450429,0.002532162917758,0.001484635445683,0.084095692199755,0.002015665795009,0.001906190948275,0,0.003844010450429,0.003844010450429,0.003844010450429,0.003844010450429,0.003844010450429,0.001797111808205,0,0.003844010450429,0.003844010450429,0.00128740565134,0.003844010450429,0.003844010450429,0.003844010450429
Beauv4,Suelo,0.002708613452847,0.100746373806225,0.032558748483765,0.00433611430295,0.0019481461059,0.00433611430295,0.013662559695315,0.408876365563522,0,0,0.00433611430295,0.00433611430295,0,0.001186635539753,0.007489901824438,0.005376379175779,0.00433611430295,0.00433611430295,0.00433611430295,0,0.00433611430295,0,0.00433611430295,0.00433611430295,0.00433611430295,0.00433611430295,0,0.021897412076927,0.006637363808227,0.001387867263401,0.028952751738951,0.00433611430295,0.00433611430295,0.00433611430295,0.00433611430295,0.00433611430295,0,0.00433611430295,0.00433611430295,0.00433611430295,0,0.00433611430295,0.002116551490957,0.005182805031716,0,0.008752096240495,0,0.009508377560823,0,0,0.003604107553743,0.001961800004246,0.00433611430295,0,0.00433611430295,0.00433611430295,0.031958717729839,0.00433611430295,0.003800110031573,0.00433611430295,0,0.0026675860087,0.00433611430295,0.001954028459537,0.001178145138117,0.059752395955618,0.001741097777723,0.001743767191557,0.003844069885991,0.00433611430295,0.00433611430295,0.00433611430295,0.00433611430295,0.00433611430295,0.00433611430295,0.00433611430295,0.00433611430295,0.00433611430295,0.000541706910783,0.00433611430295,0.00433611430295,0.00433611430295
Beauv5,Suelo,0.003249997089042,0.098870869557368,0.023721382356362,0,0.002169133387434,0.004176371288981,0.008609167792945,0.403457117905222,0.004176371288981,0.004176371288981,0.004176371288981,0.004176371288981,0.004176371288981,0.000775831823226,0.005468080044027,0.003251499158312,0.004176371288981,0.004176371288981,0.004176371288981,0.008088400749755,0.004176371288981,0,0.004176371288981,0.004176371288981,0.004176371288981,0.004176371288981,0.004176371288981,0.022485988153675,0.007829373935888,0,0.028455710880037,0.004176371288981,0.004176371288981,0.004176371288981,0.004176371288981,0.004176371288981,0.004176371288981,0.004176371288981,0.004176371288981,0.004176371288981,0.004176371288981,0.004176371288981,0.002244605845618,0.003750707966619,0.001082373225316,0.008921918741944,0.004176371288981,0.01401224140983,0.005460744876971,0.004176371288981,0,0.000590771671054,0.00037995270815,0,0.004176371288981,0.004176371288981,0,0,0.006263580402086,0.004176371288981,0.004176371288981,0.002235455522894,0.004176371288981,0.001573613239332,0.001561611594049,0.067877638142404,0.004675583824508,0.002167538137688,0.023909800732882,0.004176371288981,0,0.004176371288981,0.004176371288981,0.004176371288981,0.00075208943799,0.004176371288981,0.004176371288981,0.004176371288981,0.002461679082058,0.004176371288981,0.004176371288981,0.002894491210524
Beauv5,Suelo,0.002553858743943,0.114056795816699,0.022434406863216,0.003218059998697,0.001698078092236,0.003218059998697,0,0.462857349061399,0.003218059998697,0.003218059998697,0.003218059998697,0.003218059998697,0.003218059998697,0.000521260475638,0,0.003300746318328,0.003218059998697,0.003218059998697,0.003218059998697,0.002298142900667,0.003218059998697,0.003218059998697,0.003218059998697,0.003218059998697,0.003218059998697,0.003218059998697,0.003218059998697,0.0284914207271,0.004513408728902,0.003218059998697,0.005082454454581,0.003218059998697,0.003218059998697,0.003218059998697,0.003218059998697,0.003218059998697,0.003218059998697,0.003218059998697,0.003218059998697,0.003218059998697,0.003218059998697,0.003218059998697,0.00309243421949,0.002053407056368,0.002281778318225,0.014254622200573,0,0.019211658361452,0.005548604103293,0.003218059998697,0.001905663991812,0,0.001936709846888,0.003218059998697,0.003218059998697,0.003218059998697,0.036459627067497,0.003746408446853,0.003218059998697,0.003218059998697,0.003218059998697,0,0.003218059998697,0.001482711486284,0.001091664896709,0.052936633187687,0.001340697698852,0.001145744989199,0.003606128167336,0.003218059998697,0.003218059998697,0.003218059998697,0.003218059998697,0.003218059998697,0.018003329720665,0.003218059998697,0.003218059998697,0.003218059998697,0.000485539503655,0,0.003218059998697,0.001221738228077
Beauv5,Suelo,0.00269971537897,0.136811427852991,0.021089621303699,0.001718609812197,0.002787313522639,0.001718609812197,0.016081081500153,0.547754872752261,0.001718609812197,0.001718609812197,0,0,0.001718609812197,0.001109032552199,0.013386847848492,0.004541180166017,0,0.001718609812197,0.001718609812197,0,0.001718609812197,0.000586209278122,0.001718609812197,0.001718609812197,0.001718609812197,0.001718609812197,0.001718609812197,0.010678270579176,0.015283038075562,0,0.014179353033121,0.001718609812197,0.001718609812197,0.001718609812197,0.001718609812197,0.001718609812197,0.001718609812197,0.001718609812197,0.001718609812197,0.001718609812197,0.001718609812197,0.001718609812197,0.001718609812197,0,0.000972374361936,0.001866475167892,0.001718609812197,0.002249765170502,0.00082048601178,0.001718609812197,0.000936732538309,0.001570744456503,0.001081362544639,0.001718609812197,0.001718609812197,0,0.004065163496508,0.000343720549623,0.007085927255261,0.001718609812197,0.001718609812197,0.001331402776349,0.001718609812197,0,0.000846432383434,0,0.001188019580419,0.001293818330287,0.000573066554336,0.001718609812197,0.001718609812197,0.001718609812197,0.001718609812197,0,0.001718609812197,0.001718609812197,0.001718609812197,0.001718609812197,0.001024623841364,0,0.001718609812197,0.000918853347823
Beauv6,Suelo,0.001616804184449,0.053102329308638,0.01943686448842,0.003548904988934,0.003669229230444,0,0.017615882994223,0.588790737517626,0.003548904988934,0.003548904988934,0.003548904988934,0,0.003548904988934,0.003548904988934,0.014361699518017,0.003508747618303,0.003548904988934,0.003548904988934,0.003548904988934,0.005753779116728,0.003548904988934,0.001616233827265,0.003548904988934,0.003548904988934,0,0,0.003548904988934,0,0.00087760014948,0.013616834159887,0.009893024915573,0.003548904988934,0.003548904988934,0.003548904988934,0.003548904988934,0.003548904988934,0.003548904988934,0.003548904988934,0.003548904988934,0.003548904988934,0.003548904988934,0.003548904988934,0.003548904988934,0,0.000815938200574,0.003548904988934,0.003548904988934,0,0,0.003548904988934,0.003548904988934,0.001848068179357,0.003548904988934,0.003548904988934,0.003548904988934,0,0.003548904988934,0.003548904988934,0.003548904988934,0.003548904988934,0.003548904988934,0,0,0.001271817304328,0.001235483439265,0,0.003208480966286,0.00158110404959,0,0.003548904988934,0.003548904988934,0,0.003548904988934,0.003548904988934,0.003093437809813,0.003548904988934,0.003548904988934,0.003548904988934,0,0,0.003548904988934,0.00203920120906
Beauv6,Suelo,0.002625793537576,0.051981703911414,0.016213243025809,0.003082146577392,0.002698307158575,0.00183058200628,0,0.596586117590104,0.003082146577392,0.003082146577392,0.003082146577392,0.003082146577392,0.003082146577392,0.001175195286898,0.009305431379366,0.002145068361832,0.003082146577392,0.003082146577392,0.003082146577392,0.004185577653888,0.003082146577392,0.001883790158647,0.003082146577392,0.003082146577392,0.003082146577392,0,0.003082146577392,0.003082146577392,0.003082146577392,0.011839036552524,0.006515424602414,0.003082146577392,0.003082146577392,0.003082146577392,0.003082146577392,0.003082146577392,0,0.003082146577392,0.003082146577392,0.003082146577392,0.003082146577392,0.003082146577392,0.003082146577392,0,0.003082146577392,0.001852081401587,0.003082146577392,0,0.003082146577392,0.003082146577392,0.003082146577392,0.001232590363685,0.003082146577392,0.003082146577392,0.003082146577392,0.003082146577392,0.003168996748937,0.003082146577392,0.003082146577392,0.003082146577392,0.003082146577392,0.003552380004783,0.003082146577392,0.002916689750866,0.001061865940936,0.065318709067044,0.00229846402216,0.001293765076526,0.00618834489053,0,0.003082146577392,0.003082146577392,0,0.003082146577392,0,0.003082146577392,0.003082146577392,0.003082146577392,0,0.003082146577392,0.003082146577392,0.003082146577392
Beauv6,Suelo,0.001795239364545,0.050483026056794,0.006153727901442,0.00345595859994,0,0.002174497065226,0.017278953685617,0.594496889130464,0.00345595859994,0.00345595859994,0.00345595859994,0.00345595859994,0.00345595859994,0.00345595859994,0.01009709810791,0.003896609185538,0.00345595859994,0.00345595859994,0.00345595859994,0.00424831920806,0,0.001379009076604,0.00345595859994,0.00345595859994,0.00345595859994,0.00345595859994,0.00345595859994,0,0.00345595859994,0.019465880083605,0,0.00345595859994,0.00345595859994,0,0,0.00345595859994,0.00345595859994,0.00345595859994,0.00345595859994,0.00345595859994,0,0.00345595859994,0.00345595859994,0.00096773448392,0,0.00345595859994,0.00345595859994,0.00345595859994,0.00345595859994,0.00345595859994,0.00345595859994,0.002651767405411,0.000961084122649,0,0.00345595859994,0,0.00345595859994,0.00345595859994,0.00345595859994,0.00345595859994,0.00345595859994,0.00345595859994,0.00345595859994,0.002136583590842,0.001135549187021,0.052859140264283,0,0.00345595859994,0.001235892660539,0.00345595859994,0.00345595859994,0.00345595859994,0.00345595859994,0.00345595859994,0,0.00345595859994,0.00345595859994,0.00345595859994,0,0,0,0.00345595859994
Beauv7,Insecto,0.002344170357924,0.075981815953346,0.015364111559945,0.004401832876597,0.004388640277216,0,0,0.451510958158203,0.004401832876597,0.004401832876597,0.004401832876597,0,0.004401832876597,0.001813130885069,0.007648779573465,0.003387893201798,0.004401832876597,0.004401832876597,0.004401832876597,0,0,0.001805938378756,0.004401832876597,0.004401832876597,0.004401832876597,0.004401832876597,0.004401832876597,0,0,0.016852232424125,0,0,0.004401832876597,0.004401832876597,0.004401832876597,0.004401832876597,0.004401832876597,0,0.004401832876597,0.004401832876597,0.004401832876597,0.004401832876597,0,0,0.001416309881594,0.005548546000625,0,0.005793411727234,0.003411996789795,0.004401832876597,0.001517396103241,0.002624531429129,0.001915477425042,0.004401832876597,0.004401832876597,0.004401832876597,0,0.002590481104683,0,0.004401832876597,0.004401832876597,0.004459478859024,0.004401832876597,0,0.001592977175994,0.062364288297861,0.003009297922401,0.000981864030144,0.004415025475977,0,0.004401832876597,0.004401832876597,0.004401832876597,0,0.008549657286309,0.004401832876597,0.004401832876597,0.004401832876597,0.008187549360883,0.004401832876597,0.004401832876597,0.005229766950084
Beauv7,Insecto,0.00333641800407,0.072324553320779,0.019000362385664,0.005687464603549,0.001942745132279,0.005386116483772,0.016002572830509,0.3631870770335,0.005687464603549,0.005687464603549,0.005687464603549,0.005687464603549,0.005687464603549,0.005687464603549,0.005842497453054,0.003100526588634,0.005687464603549,0.005687464603549,0.005687464603549,0.00686194227675,0.005687464603549,0.001721284811992,0.005687464603549,0.005687464603549,0.005687464603549,0.005687464603549,0.005687464603549,0,0.007451723941863,0.004317249505903,0.01745916199297,0.005687464603549,0.005687464603549,0.005687464603549,0.005687464603549,0.005687464603549,0.005687464603549,0,0.005687464603549,0.005687464603549,0.005687464603549,0,0.002656041130514,0.006004905229699,0.001945208271009,0.01003447945062,0.005780363571158,0.010705974535695,0,0.005687464603549,0.002166422277423,0.002302329579138,0.001651906404418,0.005687464603549,0,0.005687464603549,0.035171496009959,0,0.005066772962211,0.005687464603549,0.005687464603549,0.004857584868423,0.005687464603549,0.002519105106153,0.00150746022177,0.05041532068813,0.002342444932658,0.00158683607478,0.005594565635941,0,0.005687464603549,0.005687464603549,0.005687464603549,0.005687464603549,0.018643472902356,0.005687464603549,0.005687464603549,0,0.010103423186654,0,0.005687464603549,0.00229721494401
Beauv7,Insecto,0.003271257065549,0.066073446236988,0.022207257795798,0.004163771614793,0.003227675747313,0.004226025952664,0.016299675558198,0.464871168498334,0.004163771614793,0.004163771614793,0.004163771614793,0.004163771614793,0.004163771614793,0,0.005772353257673,0.003293589209419,0.004163771614793,0.004163771614793,0,0.01384101208029,0.004163771614793,0.001280573152093,0.004163771614793,0.004163771614793,0.004163771614793,0.004163771614793,0.004163771614793,0.013320142035498,0.003768389293932,0.006660989900965,0,0.004163771614793,0.004163771614793,0,0.004163771614793,0,0,0.004163771614793,0.004163771614793,0.004163771614793,0.004163771614793,0.004163771614793,0.001227518585466,0.00500284325986,0.001365947248019,0.005209903747366,0.002639300603417,0.005644349543985,0.003444269648183,0.004163771614793,0.00163678807588,0.001866158829084,0.004163771614793,0.004163771614793,0.004163771614793,0.004163771614793,0.016809923750579,0.00284959906035,0.002569996024681,0.004163771614793,0.004163771614793,0.002628607646947,0.004163771614793,0.001593392722105,0,0.053454390216983,0.002149842143794,0.001646108177069,0,0.004163771614793,0,0.004163771614793,0.004163771614793,0.004163771614793,0.014182902271087,0,0.004163771614793,0.004163771614793,0.016833902226877,0.004163771614793,0.004163771614793,0.007013906690352
Beauv8,Insecto,0.002636274005399,0.055366119872129,0.014643529761269,0.004509263351605,0,0.003630414490361,0.013137284423992,0.378356620819111,0.004509263351605,0.004509263351605,0.004509263351605,0.004509263351605,0.004509263351605,0.002069856230834,0,0.008603130841033,0.004509263351605,0.004509263351605,0.004509263351605,0.005246078627288,0,0,0.004509263351605,0.004509263351605,0,0.004509263351605,0.004509263351605,0.021054378404126,0.024933704218881,0.011603947954281,0.023196519705436,0,0.004509263351605,0.004509263351605,0,0.004509263351605,0.004509263351605,0.004509263351605,0.004509263351605,0.004509263351605,0.004509263351605,0.004509263351605,0.003124175703975,0,0.002337064094195,0.00515586195743,0.002572941218334,0.005221803386717,0.003554998148134,0.004509263351605,0.004509263351605,0.003514309637073,0.002595517912933,0,0.004509263351605,0.004509263351605,0.014121274181967,0.002628092150003,0.003482230996972,0.004509263351605,0.004509263351605,0,0.004509263351605,0.002484022111446,0,0,0.004504287107505,0.001851883673516,0.003069461798723,0,0.004509263351605,0.004509263351605,0.004509263351605,0,0.02780300341314,0,0.004509263351605,0.004509263351605,0.004514239595705,0.004509263351605,0.004509263351605,0
Beauv8,Insecto,0.002112531026964,0.059672377655552,0.014892925298752,0,0.00432029701881,0.003388407921133,0.013084678489668,0.420526283351478,0,0,0.00432029701881,0,0.00432029701881,0.00432029701881,0.006976753447036,0.004523605889471,0.00432029701881,0.00432029701881,0.00432029701881,0.02838617308392,0.00432029701881,0.001358233359623,0.00432029701881,0.00432029701881,0.00432029701881,0.00432029701881,0.00432029701881,0.019334987870344,0.019334987870344,0.015512526169177,0.032932758084315,0.00432029701881,0.00432029701881,0,0.00432029701881,0.00432029701881,0.00432029701881,0.00432029701881,0.00432029701881,0.00432029701881,0.00432029701881,0.00432029701881,0.001641428485266,0.004141637508147,0,0.006079148409269,0.003200983998232,0.006531711186262,0.004779474861209,0.00432029701881,0.002046437513007,0.002945471053269,0.001942490880594,0.00432029701881,0.00432029701881,0.00432029701881,0.021473834110985,0.00432029701881,0.002820822123142,0.00432029701881,0.00432029701881,0.006037827326293,0.00432029701881,0.00292749829417,0.002189727301862,0.053379054965866,0.003041686190633,0.000706080213852,0.00235271723899,0.00432029701881,0.00432029701881,0.00432029701881,0.00432029701881,0.00432029701881,0.026440482357735,0.00432029701881,0.00432029701881,0.00432029701881,0.0005468703141,0.00432029701881,0.00432029701881,0.002612546459187
Beauv8,Insecto,0.002887586792431,0.076704785159527,0.008561768741648,0.003500640250795,0.004990896529729,0.003291369302771,0.01773527116759,0.507988316392456,0.003500640250795,0.003500640250795,0.003500640250795,0.003500640250795,0.003500640250795,0.001173615663609,0,0.009099694981284,0.003500640250795,0.003500640250795,0.003500640250795,0.013804126925102,0.003500640250795,0.002093356222107,0.003500640250795,0.003500640250795,0.003500640250795,0,0.003500640250795,0.018174330029445,0.028225839759752,0.017581588472393,0,0,0.003500640250795,0.003500640250795,0.003500640250795,0.003500640250795,0.003500640250795,0.003500640250795,0.003500640250795,0.003500640250795,0.003500640250795,0,0.003500640250795,0.003500640250795,0.001199700919215,0.00098475126205,0.001090480413378,0,0,0.003500640250795,0.000927475170672,0.003559173019473,0.00162429484695,0.003500640250795,0.003500640250795,0.003500640250795,0.00411964583763,0.003500640250795,0.000812444504092,0.003500640250795,0.003500640250795,0.003068048807685,0.003500640250795,0.001352552840297,0.001133801602844,0.031487043549237,0.001763076188711,0.003500640250795,0.003500640250795,0,0.003500640250795,0.003500640250795,0.003500640250795,0.003500640250795,0,0.003500640250795,0.003500640250795,0.003500640250795,0.01479817444434,0.003500640250795,0.003500640250795,0.002371434195905
